,CO,DOWNSTREAM,UPSTREAM,DATE_TIME
1149288,ALB,317665141.67825,59822212.21016,2020-03-18 00:00:00
1149289,ALB,288043232.652974,63825440.258177,2020-03-18 00:15:00
1149290,ALB,248537037.15039,72494645.953916,2020-03-18 00:30:00
1149291,ALB,224738104.491188,62922947.485141,2020-03-18 00:45:00
1149292,ALB,213029205.988721,55409581.465923,2020-03-18 01:00:00
1149293,ALB,202060890.744356,86760980.291089,2020-03-18 01:15:00
1149294,ALB,182681178.675405,56288519.031647,2020-03-18 01:30:00
1149295,ALB,180847175.184147,49082305.622799,2020-03-18 01:45:00
1149296,ALB,164919351.100851,54318456.619868,2020-03-18 02:00:00
1149297,ALB,162293733.302593,71476423.947329,2020-03-18 02:15:00
1149298,ALB,150461476.166093,63686740.9052,2020-03-18 02:30:00
1149299,ALB,141888820.42726,57120539.436498,2020-03-18 02:45:00
1149300,ALB,133479551.202276,24756547.041833,2020-03-18 03:00:00
1149301,ALB,132881102.006464,30057509.224767,2020-03-18 03:15:00
1149302,ALB,121703137.633292,35931596.825182,2020-03-18 03:30:00
1149303,ALB,139404483.042023,36742979.874304,2020-03-18 03:45:00
1149304,ALB,115104272.110895,36434896.90583,2020-03-18 04:00:00
1149305,ALB,114966219.784936,36649973.509104,2020-03-18 04:15:00
1149306,ALB,122348653.232544,40182325.412245,2020-03-18 04:30:00
1149307,ALB,113628492.5604,27400441.268839,2020-03-18 04:45:00
1149308,ALB,111124505.794932,16973012.546665,2020-03-18 05:00:00
1149309,ALB,113428334.783754,18267888.57944,2020-03-18 05:15:00
1149310,ALB,118598486.301519,24107003.212649,2020-03-18 05:30:00
1149311,ALB,126991356.994224,25424175.673015,2020-03-18 05:45:00
1149312,ALB,116980675.958896,24132913.489072,2020-03-18 06:00:00
1149313,ALB,117203543.038206,24017864.231744,2020-03-18 06:15:00
1149314,ALB,125007739.944762,33191644.352926,2020-03-18 06:30:00
1149315,ALB,130251175.384121,20665117.033348,2020-03-18 06:45:00
1149316,ALB,135993205.567147,22536672.933568,2020-03-18 07:00:00
1149317,ALB,150880974.70809,22160759.623408,2020-03-18 07:15:00
1149318,ALB,165730196.843025,23172272.775566,2020-03-18 07:30:00
1149319,ALB,182638625.717122,27542506.888806,2020-03-18 07:45:00
1149320,ALB,185775958.487621,30925266.292504,2020-03-18 08:00:00
1149321,ALB,219753993.656418,34653371.423764,2020-03-18 08:15:00
1149322,ALB,246931652.246374,47509844.015479,2020-03-18 08:30:00
1149323,ALB,243760436.270337,55099597.070266,2020-03-18 08:45:00
1149324,ALB,244411355.716527,47040005.991803,2020-03-18 09:00:00
1149325,ALB,275615529.267902,57157411.494931,2020-03-18 09:15:00
1149326,ALB,286605746.332818,70380219.800745,2020-03-18 09:30:00
1149327,ALB,288428728.157438,69970226.225518,2020-03-18 09:45:00
1149328,ALB,284787544.638932,59776057.681007,2020-03-18 10:00:00
1149329,ALB,280129502.485458,70541939.338726,2020-03-18 10:15:00
1149330,ALB,282286329.426094,63201425.678267,2020-03-18 10:30:00
1149331,ALB,281311720.921478,65886052.814657,2020-03-18 10:45:00
1149332,ALB,277361626.834312,61756815.794115,2020-03-18 11:00:00
1149333,ALB,301945219.169745,60509307.055444,2020-03-18 11:15:00
1149334,ALB,302118297.955209,63770332.220393,2020-03-18 11:30:00
1149335,ALB,281734284.71918,56831308.087094,2020-03-18 11:45:00
1149336,ALB,281713836.309382,51475630.237618,2020-03-18 12:00:00
1149337,ALB,280830783.095118,43938497.451226,2020-03-18 12:15:00
1149338,ALB,268958718.338968,44191130.045839,2020-03-18 12:30:00
1149339,ALB,271494910.535406,47375851.389276,2020-03-18 12:45:00
1149340,ALB,294222041.671162,45010409.491666,2020-03-18 13:00:00
1149341,ALB,289858464.119083,51796093.48329,2020-03-18 13:15:00
1149342,ALB,292229127.711297,55019355.498419,2020-03-18 13:30:00
1149343,ALB,289088219.64851,49951105.923513,2020-03-18 13:45:00
1149344,ALB,287027572.216717,49406818.14644,2020-03-18 14:00:00
1149345,ALB,304158243.533228,55462696.307356,2020-03-18 14:15:00
1149346,ALB,313946504.061257,61586955.545226,2020-03-18 14:30:00
1149347,ALB,341939916.402397,64260986.206272,2020-03-18 14:45:00
1149348,ALB,339958778.893219,80213842.193513,2020-03-18 15:00:00
1149349,ALB,325375456.811304,77141875.135405,2020-03-18 15:15:00
1149350,ALB,330484136.502596,63479188.070015,2020-03-18 15:30:00
1149351,ALB,322623756.188274,64316851.257683,2020-03-18 15:45:00
1149352,ALB,287552685.964225,65127698.125125,2020-03-18 16:00:00
1149353,ALB,279121218.041016,83615372.768455,2020-03-18 16:15:00
1149354,ALB,316004316.582124,120749977.094263,2020-03-18 16:30:00
1149355,ALB,307210972.924474,69515842.352743,2020-03-18 16:45:00
1149356,ALB,348773922.660718,59638495.503985,2020-03-18 17:00:00
1149357,ALB,350509588.153357,64192744.447925,2020-03-18 17:15:00
1149358,ALB,328531552.611244,68502180.345483,2020-03-18 17:30:00
1149359,ALB,321679245.104685,65805368.144957,2020-03-18 17:45:00
1149360,ALB,326535586.910475,69019083.804318,2020-03-18 18:00:00
1149361,ALB,346262468.50909,77740433.541645,2020-03-18 18:15:00
1149362,ALB,330425541.396079,62696584.99492,2020-03-18 18:30:00
1149363,ALB,359438463.427367,46724513.702369,2020-03-18 18:45:00
1149364,ALB,384686326.126474,47403159.794185,2020-03-18 19:00:00
1149365,ALB,406106834.258077,62599006.173015,2020-03-18 19:15:00
1149366,ALB,452293925.086382,69779746.177636,2020-03-18 19:30:00
1149367,ALB,491493097.00404,66131889.972663,2020-03-18 19:45:00
1149368,ALB,505450546.212712,66298452.465368,2020-03-18 20:00:00
1149369,ALB,534905682.507726,74284938.428694,2020-03-18 20:15:00
1149370,ALB,573258702.327074,70156264.00768,2020-03-18 20:30:00
1149371,ALB,578130195.568184,67441822.853046,2020-03-18 20:45:00
1149372,ALB,591803029.778997,69178482.637066,2020-03-18 21:00:00
1149373,ALB,589462833.034207,81789821.240423,2020-03-18 21:15:00
1149374,ALB,598941808.143369,81149403.598089,2020-03-18 21:30:00
1149375,ALB,571228720.866643,77603979.783967,2020-03-18 21:45:00
1149376,ALB,567429381.838983,79832158.315528,2020-03-18 22:00:00
1149377,ALB,538045671.873113,66467735.6508,2020-03-18 22:15:00
1149378,ALB,510063245.021444,51502631.974665,2020-03-18 22:30:00
1149379,ALB,463220067.839197,53581222.974433,2020-03-18 22:45:00
1149380,ALB,437824287.065685,45757243.012904,2020-03-18 23:00:00
1149381,ALB,408640362.216507,47268558.406243,2020-03-18 23:15:00
1149382,ALB,381520918.394574,64036001.025158,2020-03-18 23:30:00
1149383,ALB,329499379.817281,72122277.422527,2020-03-18 23:45:00
1150728,ALB,301154856.796012,76502055.093361,2020-03-19 00:00:00
1150729,ALB,283416524.135224,81053038.342425,2020-03-19 00:15:00
1150730,ALB,265662118.370752,62042920.040536,2020-03-19 00:30:00
1150731,ALB,249219871.321904,58763780.109015,2020-03-19 00:45:00
1150732,ALB,222028245.060471,51425590.210926,2020-03-19 01:00:00
1150733,ALB,202227587.248936,77542542.107674,2020-03-19 01:15:00
1150734,ALB,183426797.873572,71100164.855939,2020-03-19 01:30:00
1150735,ALB,171901151.115906,59631800.990853,2020-03-19 01:45:00
1150736,ALB,161469545.788661,60466714.539372,2020-03-19 02:00:00
1150737,ALB,160050488.34038,75506238.803864,2020-03-19 02:15:00
1150738,ALB,144181261.041724,50973315.391741,2020-03-19 02:30:00
1150739,ALB,137759246.359116,52439245.418624,2020-03-19 02:45:00
1150740,ALB,136703355.707879,45329928.889038,2020-03-19 03:00:00
1150741,ALB,143553716.453494,50045680.958876,2020-03-19 03:15:00
1150742,ALB,129245256.757625,54805945.929669,2020-03-19 03:30:00
1150743,ALB,123360076.487909,59266682.90871,2020-03-19 03:45:00
1150744,ALB,120915596.528211,64516351.617146,2020-03-19 04:00:00
1150745,ALB,119068920.849522,52501954.338135,2020-03-19 04:15:00
1150746,ALB,116583073.805261,47204259.93109,2020-03-19 04:30:00
1150747,ALB,114650395.357058,46036413.180667,2020-03-19 04:45:00
1150748,ALB,113925572.230924,41432467.923936,2020-03-19 05:00:00
1150749,ALB,118097481.447026,40954583.31215,2020-03-19 05:15:00
1150750,ALB,118104806.41104,41017731.903768,2020-03-19 05:30:00
1150751,ALB,117066026.021755,43404954.622623,2020-03-19 05:45:00
1150752,ALB,117425171.162243,42107413.964621,2020-03-19 06:00:00
1150753,ALB,125342430.067426,41522125.980276,2020-03-19 06:15:00
1150754,ALB,129006297.23442,34670805.348969,2020-03-19 06:30:00
1150755,ALB,139985451.81282,40539862.971172,2020-03-19 06:45:00
1150756,ALB,139101567.30799,35252217.470176,2020-03-19 07:00:00
1150757,ALB,156564798.002834,31889512.018477,2020-03-19 07:15:00
1150758,ALB,176357539.537013,33749962.37961,2020-03-19 07:30:00
1150759,ALB,203090823.871532,37967900.66819,2020-03-19 07:45:00
1150760,ALB,215167343.865318,44658448.924096,2020-03-19 08:00:00
1150761,ALB,245851469.458898,55805333.278556,2020-03-19 08:15:00
1150762,ALB,256553999.104573,62740878.508176,2020-03-19 08:30:00
1150763,ALB,289825037.987049,52566866.96248,2020-03-19 08:45:00
1150764,ALB,268031390.749583,50024100.699664,2020-03-19 09:00:00
1150765,ALB,259222173.298821,71594048.956577,2020-03-19 09:15:00
1150766,ALB,279849686.759293,79316810.617984,2020-03-19 09:30:00
1150767,ALB,301049683.542733,68959716.96762,2020-03-19 09:45:00
1150768,ALB,299090884.592045,65047018.378245,2020-03-19 10:00:00
1150769,ALB,290759839.630682,72924871.453402,2020-03-19 10:15:00
1150770,ALB,265733552.913472,57853063.740601,2020-03-19 10:30:00
1150771,ALB,259298309.527426,61460772.662948,2020-03-19 10:45:00
1150772,ALB,267054126.472782,54665367.263019,2020-03-19 11:00:00
1150773,ALB,269480019.168484,65754617.423244,2020-03-19 11:15:00
1150774,ALB,278061592.592787,59975248.761977,2020-03-19 11:30:00
1150775,ALB,265642179.642696,51377389.380559,2020-03-19 11:45:00
1150776,ALB,247531838.304719,47989547.688152,2020-03-19 12:00:00
1150777,ALB,256439013.446772,47173190.076563,2020-03-19 12:15:00
1150778,ALB,276019004.646651,39977990.372759,2020-03-19 12:30:00
1150779,ALB,275318801.424487,38902928.882021,2020-03-19 12:45:00
1150780,ALB,270453600.51943,41230894.872817,2020-03-19 13:00:00
1150781,ALB,268185442.913921,43824100.193774,2020-03-19 13:15:00
1150782,ALB,273470103.849808,48292252.545278,2020-03-19 13:30:00
1150783,ALB,315576592.799889,49133077.877421,2020-03-19 13:45:00
1150784,ALB,296955888.741646,50877994.321735,2020-03-19 14:00:00
1150785,ALB,304906608.705888,51910464.144906,2020-03-19 14:15:00
1150786,ALB,307814937.748985,59188892.346212,2020-03-19 14:30:00
1150787,ALB,301905495.448742,55014632.50987,2020-03-19 14:45:00
1150788,ALB,310933055.990801,50133765.579135,2020-03-19 15:00:00
1150789,ALB,341271456.089378,51288551.871492,2020-03-19 15:15:00
1150790,ALB,360240287.923204,52006823.835727,2020-03-19 15:30:00
1150791,ALB,346576679.907746,58879399.485405,2020-03-19 15:45:00
1150792,ALB,331039839.623829,57599936.758576,2020-03-19 16:00:00
1150793,ALB,297575447.062951,70724337.45139,2020-03-19 16:15:00
1150794,ALB,287206086.880863,60664483.200906,2020-03-19 16:30:00
1150795,ALB,298860752.995753,52623175.513709,2020-03-19 16:45:00
1150796,ALB,300084237.131237,57314703.133285,2020-03-19 17:00:00
1150797,ALB,315180796.197059,51873141.281397,2020-03-19 17:15:00
1150798,ALB,309680849.718165,43779381.030987,2020-03-19 17:30:00
1150799,ALB,338819517.537108,44422351.494616,2020-03-19 17:45:00
1150800,ALB,357703740.202312,41511656.91748,2020-03-19 18:00:00
1150801,ALB,392534789.090812,45881691.660133,2020-03-19 18:15:00
1150802,ALB,370723263.313189,41474189.936669,2020-03-19 18:30:00
1150803,ALB,366107695.331006,40161269.246858,2020-03-19 18:45:00
1150804,ALB,372304370.900504,44471834.547751,2020-03-19 19:00:00
1150805,ALB,393573213.794923,53181701.230896,2020-03-19 19:15:00
1150806,ALB,424779461.380201,57256043.619387,2020-03-19 19:30:00
1150807,ALB,468843422.77438,75399323.892689,2020-03-19 19:45:00
1150808,ALB,500707986.014469,75936184.507526,2020-03-19 20:00:00
1150809,ALB,536313284.489734,81600132.986286,2020-03-19 20:15:00
1150810,ALB,554598852.624547,87273707.990046,2020-03-19 20:30:00
1150811,ALB,551743090.082503,79000836.597115,2020-03-19 20:45:00
1150812,ALB,561001225.818155,73540489.736623,2020-03-19 21:00:00
1150813,ALB,575890176.827973,74372490.62074,2020-03-19 21:15:00
1150814,ALB,567862518.295614,91632806.924097,2020-03-19 21:30:00
1150815,ALB,573716973.796173,98323074.202349,2020-03-19 21:45:00
1150816,ALB,605690151.147536,102611391.955986,2020-03-19 22:00:00
1150817,ALB,578903365.085143,105016897.062449,2020-03-19 22:15:00
1150818,ALB,518113190.47463,90409579.788415,2020-03-19 22:30:00
1150819,ALB,493486155.636631,76648146.845716,2020-03-19 22:45:00
1150820,ALB,460378732.840004,50684528.618189,2020-03-19 23:00:00
1150821,ALB,433801414.44127,50268468.261956,2020-03-19 23:15:00
1150822,ALB,382757833.88286,69846320.299036,2020-03-19 23:30:00
1150823,ALB,357668579.034684,84108648.147093,2020-03-19 23:45:00
1152168,ALB,323314114.263978,76826526.885843,2020-03-20 00:00:00
1152169,ALB,291312005.733007,78809615.458844,2020-03-20 00:15:00
1152170,ALB,251340368.862461,74237905.963389,2020-03-20 00:30:00
1152171,ALB,221145645.47091,71971410.963427,2020-03-20 00:45:00
1152172,ALB,204246860.560246,62017067.816032,2020-03-20 01:00:00
1152173,ALB,191326489.299861,94696664.076003,2020-03-20 01:15:00
1152174,ALB,179538882.491933,69044957.149999,2020-03-20 01:30:00
1152175,ALB,172927166.488288,53476921.439279,2020-03-20 01:45:00
1152176,ALB,170091976.453664,58002551.433454,2020-03-20 02:00:00
1152177,ALB,154275590.5138,83292948.163485,2020-03-20 02:15:00
1152178,ALB,145009070.075031,75786504.582579,2020-03-20 02:30:00
1152179,ALB,139080502.976116,64970208.050697,2020-03-20 02:45:00
1152180,ALB,134089570.866577,51530902.787562,2020-03-20 03:00:00
1152181,ALB,129998719.665843,54602147.273368,2020-03-20 03:15:00
1152182,ALB,125781684.652073,59451828.159058,2020-03-20 03:30:00
1152183,ALB,121002402.935289,63810093.704298,2020-03-20 03:45:00
1152184,ALB,118939492.760726,68125878.897768,2020-03-20 04:00:00
1152185,ALB,114846337.811558,56998105.380275,2020-03-20 04:15:00
1152186,ALB,111989170.392775,49275762.794364,2020-03-20 04:30:00
1152187,ALB,114093680.258581,52124512.586128,2020-03-20 04:45:00
1152188,ALB,106984280.504194,47456256.153627,2020-03-20 05:00:00
1152189,ALB,110102766.688269,45866621.191291,2020-03-20 05:15:00
1152190,ALB,114215698.705684,45263695.647444,2020-03-20 05:30:00
1152191,ALB,109789561.096318,47383832.056508,2020-03-20 05:45:00
1152192,ALB,121597974.765388,46822216.431969,2020-03-20 06:00:00
1152193,ALB,123159270.448399,48781308.80009,2020-03-20 06:15:00
1152194,ALB,125227574.06374,39608178.519528,2020-03-20 06:30:00
1152195,ALB,129855035.908408,35650094.732666,2020-03-20 06:45:00
1152196,ALB,140494001.401415,36997435.184272,2020-03-20 07:00:00
1152197,ALB,145721400.529886,41170603.420462,2020-03-20 07:15:00
1152198,ALB,164915644.583836,39973193.95806,2020-03-20 07:30:00
1152199,ALB,189089551.410149,49834565.492009,2020-03-20 07:45:00
1152200,ALB,194459192.654948,48603657.094208,2020-03-20 08:00:00
1152201,ALB,217058895.962609,55016003.878004,2020-03-20 08:15:00
1152202,ALB,234124537.46911,57578932.170638,2020-03-20 08:30:00
1152203,ALB,234929665.772389,54899117.592545,2020-03-20 08:45:00
1152204,ALB,256696975.210256,61841047.684516,2020-03-20 09:00:00
1152205,ALB,270272425.643678,71575141.536904,2020-03-20 09:15:00
1152206,ALB,276261103.951624,63182295.439316,2020-03-20 09:30:00
1152207,ALB,286597969.615122,84849313.248424,2020-03-20 09:45:00
1152208,ALB,269070859.182501,67448542.682046,2020-03-20 10:00:00
1152209,ALB,279957091.076798,88675744.505514,2020-03-20 10:15:00
1152210,ALB,281685814.544291,97750631.343189,2020-03-20 10:30:00
1152211,ALB,280317225.084326,78786112.112287,2020-03-20 10:45:00
1152212,ALB,276445691.024082,66193378.582761,2020-03-20 11:00:00
1152213,ALB,301498733.430588,71486744.452184,2020-03-20 11:15:00
1152214,ALB,287432362.664243,76866736.318866,2020-03-20 11:30:00
1152215,ALB,275941169.935728,69669545.194746,2020-03-20 11:45:00
1152216,ALB,283707513.562024,62398413.023228,2020-03-20 12:00:00
1152217,ALB,274084286.486858,67779553.97435,2020-03-20 12:15:00
1152218,ALB,271694509.533753,53786866.728876,2020-03-20 12:30:00
1152219,ALB,282722108.537688,50587553.531635,2020-03-20 12:45:00
1152220,ALB,281055201.772145,45542224.187547,2020-03-20 13:00:00
1152221,ALB,282754156.002148,46418504.538448,2020-03-20 13:15:00
1152222,ALB,287625652.937469,49976196.759289,2020-03-20 13:30:00
1152223,ALB,297503960.317463,47776664.931338,2020-03-20 13:45:00
1152224,ALB,305475587.159659,51669528.253419,2020-03-20 14:00:00
1152225,ALB,316908260.417419,64045929.527326,2020-03-20 14:15:00
1152226,ALB,319494207.504035,66660328.77138,2020-03-20 14:30:00
1152227,ALB,319475427.951327,60502142.828417,2020-03-20 14:45:00
1152228,ALB,299186382.421695,56884373.14652,2020-03-20 15:00:00
1152229,ALB,331724344.695742,58892834.535719,2020-03-20 15:15:00
1152230,ALB,389338119.226942,64928212.436477,2020-03-20 15:30:00
1152231,ALB,397344211.301671,66888951.632524,2020-03-20 15:45:00
1152232,ALB,407909712.280449,54190986.996587,2020-03-20 16:00:00
1152233,ALB,379685403.662747,62306363.010153,2020-03-20 16:15:00
1152234,ALB,395007295.483147,63324757.546685,2020-03-20 16:30:00
1152235,ALB,388814737.167895,59325979.294784,2020-03-20 16:45:00
1152236,ALB,357077578.84325,55855659.273355,2020-03-20 17:00:00
1152237,ALB,351135654.192445,48306033.694835,2020-03-20 17:15:00
1152238,ALB,377374461.815594,47913930.848328,2020-03-20 17:30:00
1152239,ALB,356183224.413118,51966839.779031,2020-03-20 17:45:00
1152240,ALB,351182073.684977,57735816.697918,2020-03-20 18:00:00
1152241,ALB,375105654.554373,57530728.040552,2020-03-20 18:15:00
1152242,ALB,365746246.158461,53644654.881462,2020-03-20 18:30:00
1152243,ALB,377918788.012461,51273782.428301,2020-03-20 18:45:00
1152244,ALB,394613385.329176,46830897.769541,2020-03-20 19:00:00
1152245,ALB,399207979.528338,69672961.092269,2020-03-20 19:15:00
1152246,ALB,440700296.216823,78857499.738496,2020-03-20 19:30:00
1152247,ALB,468053569.32702,83075492.867905,2020-03-20 19:45:00
1152248,ALB,489307508.081182,83823658.522259,2020-03-20 20:00:00
1152249,ALB,531560306.388135,86168775.912808,2020-03-20 20:15:00
1152250,ALB,552883018.569446,99007131.211129,2020-03-20 20:30:00
1152251,ALB,554584293.486767,94265096.573575,2020-03-20 20:45:00
1152252,ALB,563248073.872347,95504448.587771,2020-03-20 21:00:00
1152253,ALB,548012407.390675,90107356.998305,2020-03-20 21:15:00
1152254,ALB,571708365.85053,90461975.866395,2020-03-20 21:30:00
1152255,ALB,579342005.541084,84054708.914717,2020-03-20 21:45:00
1152256,ALB,551678412.518383,88416540.672418,2020-03-20 22:00:00
1152257,ALB,538377174.080395,108068271.588118,2020-03-20 22:15:00
1152258,ALB,536187483.750896,90056331.4206,2020-03-20 22:30:00
1152259,ALB,508962221.096112,83010019.838629,2020-03-20 22:45:00
1152260,ALB,496048995.400641,72902254.238287,2020-03-20 23:00:00
1152261,ALB,462467596.550742,82627428.013454,2020-03-20 23:15:00
1152262,ALB,418114494.161672,70465238.394526,2020-03-20 23:30:00
1152263,ALB,385067233.602973,78659398.468743,2020-03-20 23:45:00
1153608,ALB,356288771.285535,79502305.270412,2020-03-21 00:00:00
1153609,ALB,338935314.941032,83138235.56176,2020-03-21 00:15:00
1153610,ALB,302444342.222766,61903723.534311,2020-03-21 00:30:00
1153611,ALB,269868854.829038,63650730.375834,2020-03-21 00:45:00
1153612,ALB,243070501.670093,50469726.769191,2020-03-21 01:00:00
1153613,ALB,227421854.242153,77096438.816524,2020-03-21 01:15:00
1153614,ALB,222605187.233348,70548122.913543,2020-03-21 01:30:00
1153615,ALB,202927976.879528,49520887.010753,2020-03-21 01:45:00
1153616,ALB,188016008.853085,53417270.079726,2020-03-21 02:00:00
1153617,ALB,184606387.090529,75977807.548037,2020-03-21 02:15:00
1153618,ALB,186037133.537289,70578925.100164,2020-03-21 02:30:00
1153619,ALB,174016583.761071,74027009.130631,2020-03-21 02:45:00
1153620,ALB,163521050.221061,63397550.491006,2020-03-21 03:00:00
1153621,ALB,158111569.865504,63545091.386229,2020-03-21 03:15:00
1153622,ALB,147428953.353067,68365990.111184,2020-03-21 03:30:00
1153623,ALB,149430536.965734,70635123.557042,2020-03-21 03:45:00
1153624,ALB,137777228.812109,73297592.380052,2020-03-21 04:00:00
1153625,ALB,133381172.098657,73407297.2545,2020-03-21 04:15:00
1153626,ALB,127615744.32007,78990365.984371,2020-03-21 04:30:00
1153627,ALB,127060680.049195,65080542.280383,2020-03-21 04:45:00
1153628,ALB,125197700.083145,61749297.922856,2020-03-21 05:00:00
1153629,ALB,122231389.992779,48312047.114595,2020-03-21 05:15:00
1153630,ALB,120829696.019525,44757237.017352,2020-03-21 05:30:00
1153631,ALB,126076071.988849,64186825.281482,2020-03-21 05:45:00
1153632,ALB,121166917.583783,44828309.745797,2020-03-21 06:00:00
1153633,ALB,125171514.626477,72139116.710021,2020-03-21 06:15:00
1153634,ALB,136477192.277237,80491940.938231,2020-03-21 06:30:00
1153635,ALB,137242353.484543,75979293.48196,2020-03-21 06:45:00
1153636,ALB,140481187.076255,78883460.893148,2020-03-21 07:00:00
1153637,ALB,151817514.460939,76733652.239615,2020-03-21 07:15:00
1153638,ALB,158367637.862789,61008391.289121,2020-03-21 07:30:00
1153639,ALB,158264212.170916,84466540.973888,2020-03-21 07:45:00
1153640,ALB,185642818.945952,90085057.778599,2020-03-21 08:00:00
1153641,ALB,204235043.335223,83469276.87672,2020-03-21 08:15:00
1153642,ALB,218886157.774794,83221741.350728,2020-03-21 08:30:00
1153643,ALB,203183294.107753,82211443.416081,2020-03-21 08:45:00
1153644,ALB,214512504.122238,87073832.31361,2020-03-21 09:00:00
1153645,ALB,226091809.792777,83719292.867239,2020-03-21 09:15:00
1153646,ALB,239514951.497475,81864471.992728,2020-03-21 09:30:00
1153647,ALB,281095378.118161,86774033.336152,2020-03-21 09:45:00
1153648,ALB,263004026.520071,91710490.674793,2020-03-21 10:00:00
1153649,ALB,287575038.630761,83937539.920292,2020-03-21 10:15:00
1153650,ALB,304404569.696224,96520611.411281,2020-03-21 10:30:00
1153651,ALB,309364320.954734,91475821.14503,2020-03-21 10:45:00
1153652,ALB,293153280.406271,84028474.771553,2020-03-21 11:00:00
1153653,ALB,291722021.045037,94246708.145106,2020-03-21 11:15:00
1153654,ALB,321126227.377828,67613477.129021,2020-03-21 11:30:00
1153655,ALB,295873823.759279,57421181.08138,2020-03-21 11:45:00
1153656,ALB,301440626.879021,31430852.58507,2020-03-21 12:00:00
1153657,ALB,308636314.825869,34822375.074673,2020-03-21 12:15:00
1153658,ALB,330217379.716068,31903292.435146,2020-03-21 12:30:00
1153659,ALB,332522942.549173,35208238.374169,2020-03-21 12:45:00
1153660,ALB,349744554.929126,35447064.831871,2020-03-21 13:00:00
1153661,ALB,370042395.332931,44174852.921217,2020-03-21 13:15:00
1153662,ALB,384702168.766038,47102633.864608,2020-03-21 13:30:00
1153663,ALB,383457750.963354,41653685.772544,2020-03-21 13:45:00
1153664,ALB,382579179.8117,31534540.286429,2020-03-21 14:00:00
1153665,ALB,366570985.761165,32950794.238559,2020-03-21 14:15:00
1153666,ALB,369351527.907354,33873188.332542,2020-03-21 14:30:00
1153667,ALB,398857879.466389,48064372.417673,2020-03-21 14:45:00
1153668,ALB,382267320.025133,55950031.343383,2020-03-21 15:00:00
1153669,ALB,370603565.263584,68159730.77574,2020-03-21 15:15:00
1153670,ALB,376044844.96679,65291349.688755,2020-03-21 15:30:00
1153671,ALB,391046047.735608,55702585.555166,2020-03-21 15:45:00
1153672,ALB,423174171.652702,45092230.369398,2020-03-21 16:00:00
1153673,ALB,410962597.861705,57408666.072682,2020-03-21 16:15:00
1153674,ALB,426826342.342948,61336572.284266,2020-03-21 16:30:00
1153675,ALB,461421705.265513,62426306.401719,2020-03-21 16:45:00
1153676,ALB,496411173.678957,62568002.858637,2020-03-21 17:00:00
1153677,ALB,429377671.197017,72632299.252162,2020-03-21 17:15:00
1153678,ALB,408831984.524358,83484149.501927,2020-03-21 17:30:00
1153679,ALB,392569905.313735,76814023.331673,2020-03-21 17:45:00
1153680,ALB,398118070.388912,52729992.832707,2020-03-21 18:00:00
1153681,ALB,411383901.851902,51177644.330911,2020-03-21 18:15:00
1153682,ALB,431904306.910267,58129828.480132,2020-03-21 18:30:00
1153683,ALB,429015514.804394,50804722.318019,2020-03-21 18:45:00
1153684,ALB,456023676.541836,45678233.662202,2020-03-21 19:00:00
1153685,ALB,454246966.548775,60581266.182497,2020-03-21 19:15:00
1153686,ALB,492330659.213255,73024331.531409,2020-03-21 19:30:00
1153687,ALB,514973660.462505,91750304.420245,2020-03-21 19:45:00
1153688,ALB,522132256.146608,91130539.422715,2020-03-21 20:00:00
1153689,ALB,543846967.32193,106111128.676315,2020-03-21 20:15:00
1153690,ALB,563095596.687252,114443182.768735,2020-03-21 20:30:00
1153691,ALB,586431286.830153,115170334.061712,2020-03-21 20:45:00
1153692,ALB,591261935.351663,112733376.124732,2020-03-21 21:00:00
1153693,ALB,591216908.517171,118701469.253906,2020-03-21 21:15:00
1153694,ALB,597503225.522993,119786763.727802,2020-03-21 21:30:00
1153695,ALB,602000933.827402,103498297.482224,2020-03-21 21:45:00
1153696,ALB,575539597.054118,96692255.910032,2020-03-21 22:00:00
1153697,ALB,544785321.443504,95076984.147807,2020-03-21 22:15:00
1153698,ALB,538297484.365149,76008207.462639,2020-03-21 22:30:00
1153699,ALB,539429786.563063,70321410.795299,2020-03-21 22:45:00
1153700,ALB,535898417.716481,68089169.131315,2020-03-21 23:00:00
1153701,ALB,491109664.095726,70700104.340986,2020-03-21 23:15:00
1153702,ALB,435390340.480317,69097526.253367,2020-03-21 23:30:00
1153703,ALB,448548602.799116,75454748.338744,2020-03-21 23:45:00
1155048,ALB,444027043.65729,74738368.903113,2020-03-22 00:00:00
1155049,ALB,410227186.301747,93272787.745398,2020-03-22 00:15:00
1155050,ALB,367650943.472188,95730478.986404,2020-03-22 00:30:00
1155051,ALB,326417348.718165,77436132.947566,2020-03-22 00:45:00
1155052,ALB,287121307.727222,30067445.333281,2020-03-22 01:00:00
1155053,ALB,257996352.312172,59145096.208542,2020-03-22 01:15:00
1155054,ALB,239457270.572146,57683215.899668,2020-03-22 01:30:00
1155055,ALB,222698414.138434,46312440.733594,2020-03-22 01:45:00
1155056,ALB,205952549.887233,58380068.08139,2020-03-22 02:00:00
1155057,ALB,185755640.766861,48895754.611947,2020-03-22 02:15:00
1155058,ALB,170843201.995934,41790312.34098,2020-03-22 02:30:00
1155059,ALB,168099188.90706,48460167.485021,2020-03-22 02:45:00
1155060,ALB,167912891.773717,45151828.568067,2020-03-22 03:00:00
1155061,ALB,159067513.687082,45610187.112681,2020-03-22 03:15:00
1155062,ALB,147690629.805321,48679960.131336,2020-03-22 03:30:00
1155063,ALB,141870312.049462,38023059.117531,2020-03-22 03:45:00
1155064,ALB,137905073.583546,31194553.09051,2020-03-22 04:00:00
1155065,ALB,133781458.770512,69692739.658531,2020-03-22 04:15:00
1155066,ALB,133485256.541198,86035305.603225,2020-03-22 04:30:00
1155067,ALB,133781757.203712,77075813.87431,2020-03-22 04:45:00
1155068,ALB,131045461.641017,72856396.765446,2020-03-22 05:00:00
1155069,ALB,125401016.251087,69383527.533189,2020-03-22 05:15:00
1155070,ALB,135266568.007571,70299484.327084,2020-03-22 05:30:00
1155071,ALB,122830116.931557,68523647.937695,2020-03-22 05:45:00
1155072,ALB,124694288.137825,54028631.476596,2020-03-22 06:00:00
1155073,ALB,123615724.918145,74373843.868938,2020-03-22 06:15:00
1155074,ALB,126112223.333271,75288741.838418,2020-03-22 06:30:00
1155075,ALB,132412826.963346,68732463.806683,2020-03-22 06:45:00
1155076,ALB,140288540.616532,75442097.909555,2020-03-22 07:00:00
1155077,ALB,142834653.137224,63572312.460475,2020-03-22 07:15:00
1155078,ALB,151786915.251036,68673001.723755,2020-03-22 07:30:00
1155079,ALB,158980707.731034,45219807.583564,2020-03-22 07:45:00
1155080,ALB,181500034.870176,23054647.17772,2020-03-22 08:00:00
1155081,ALB,196908439.136744,21249262.92125,2020-03-22 08:15:00
1155082,ALB,181747109.50267,20596251.273665,2020-03-22 08:30:00
1155083,ALB,180787857.739089,27665434.277479,2020-03-22 08:45:00
1155084,ALB,193154113.653979,31680187.347446,2020-03-22 09:00:00
1155085,ALB,223032212.992763,31904913.45032,2020-03-22 09:15:00
1155086,ALB,235887340.147182,32192568.916875,2020-03-22 09:30:00
1155087,ALB,246131828.456425,32778999.241007,2020-03-22 09:45:00
1155088,ALB,271560652.456632,31882432.026045,2020-03-22 10:00:00
1155089,ALB,332097345.414717,33555438.287084,2020-03-22 10:15:00
1155090,ALB,317338930.731906,33288439.037929,2020-03-22 10:30:00
1155091,ALB,296862695.895872,46772794.83348,2020-03-22 10:45:00
1155092,ALB,326359667.212661,46780916.979829,2020-03-22 11:00:00
1155093,ALB,301098593.560793,42082442.492977,2020-03-22 11:15:00
1155094,ALB,321778802.719003,41034340.225898,2020-03-22 11:30:00
1155095,ALB,330991219.500526,42342738.297589,2020-03-22 11:45:00
1155096,ALB,335374075.602897,39988832.835599,2020-03-22 12:00:00
1155097,ALB,332100760.208918,40072931.225246,2020-03-22 12:15:00
1155098,ALB,358919195.784215,37561839.689211,2020-03-22 12:30:00
1155099,ALB,388002326.993494,39414425.895174,2020-03-22 12:45:00
1155100,ALB,415315166.835523,38709117.108909,2020-03-22 13:00:00
1155101,ALB,418555451.282988,45912646.730752,2020-03-22 13:15:00
1155102,ALB,389566126.401957,44763732.92184,2020-03-22 13:30:00
1155103,ALB,374613162.596751,52119465.613016,2020-03-22 13:45:00
1155104,ALB,376592754.644075,44745976.508834,2020-03-22 14:00:00
1155105,ALB,384176388.304671,44956472.715238,2020-03-22 14:15:00
1155106,ALB,396882710.279673,62111832.962745,2020-03-22 14:30:00
1155107,ALB,391112885.648414,53033629.943183,2020-03-22 14:45:00
1155108,ALB,382231861.330589,43642706.121942,2020-03-22 15:00:00
1155109,ALB,388005937.610418,38406011.413375,2020-03-22 15:15:00
1155110,ALB,392428238.246871,37344943.484541,2020-03-22 15:30:00
1155111,ALB,398009748.244181,35673473.553355,2020-03-22 15:45:00
1155112,ALB,374141203.546449,34913254.34667,2020-03-22 16:00:00
1155113,ALB,351501891.269253,37458674.234451,2020-03-22 16:15:00
1155114,ALB,335855124.40437,37967728.898788,2020-03-22 16:30:00
1155115,ALB,348263220.160597,38041860.999788,2020-03-22 16:45:00
1155116,ALB,358263179.596075,37947368.178894,2020-03-22 17:00:00
1155117,ALB,364840323.893608,38793435.763188,2020-03-22 17:15:00
1155118,ALB,376788923.981486,41220198.872571,2020-03-22 17:30:00
1155119,ALB,391005604.894938,35800548.815184,2020-03-22 17:45:00
1155120,ALB,408754120.03735,42640809.787406,2020-03-22 18:00:00
1155121,ALB,433405665.618384,40641295.362877,2020-03-22 18:15:00
1155122,ALB,437240701.263494,45467998.689984,2020-03-22 18:30:00
1155123,ALB,451573624.993425,38207902.627636,2020-03-22 18:45:00
1155124,ALB,433912275.170822,35167390.366988,2020-03-22 19:00:00
1155125,ALB,455633690.691715,43700845.354468,2020-03-22 19:15:00
1155126,ALB,487668704.318969,50694761.927842,2020-03-22 19:30:00
1155127,ALB,502433171.195018,79183412.518979,2020-03-22 19:45:00
1155128,ALB,524909659.821645,70650362.725562,2020-03-22 20:00:00
1155129,ALB,542770619.629389,74531425.931613,2020-03-22 20:15:00
1155130,ALB,586055197.538559,77631910.201852,2020-03-22 20:30:00
1155131,ALB,593244301.658761,74269483.983229,2020-03-22 20:45:00
1155132,ALB,620168647.773764,77635031.799746,2020-03-22 21:00:00
1155133,ALB,639579655.36248,78596368.475054,2020-03-22 21:15:00
1155134,ALB,629963962.099253,80448095.457644,2020-03-22 21:30:00
1155135,ALB,619353809.683412,79846979.715245,2020-03-22 21:45:00
1155136,ALB,599329281.232162,77461635.944462,2020-03-22 22:00:00
1155137,ALB,571124689.243759,78927848.357795,2020-03-22 22:15:00
1155138,ALB,557943691.851111,69673598.443604,2020-03-22 22:30:00
1155139,ALB,549498205.248933,49619307.47933,2020-03-22 22:45:00
1155140,ALB,524510833.369393,48802963.598408,2020-03-22 23:00:00
1155141,ALB,492671851.200589,47045702.983867,2020-03-22 23:15:00
1155142,ALB,427395907.353034,49725978.150379,2020-03-22 23:30:00
1155143,ALB,406827285.980065,50880623.659526,2020-03-22 23:45:00
1156488,ALB,347900854.68861,42893609.127942,2020-03-23 00:00:00
1156489,ALB,300283039.971869,43763873.424439,2020-03-23 00:15:00
1156490,ALB,282792084.950623,41623715.992722,2020-03-23 00:30:00
1156491,ALB,248775304.635359,42768873.576806,2020-03-23 00:45:00
1156492,ALB,223287164.969678,31540476.826603,2020-03-23 01:00:00
1156493,ALB,214464795.514895,49798266.539756,2020-03-23 01:15:00
1156494,ALB,192337464.371805,46076812.702566,2020-03-23 01:30:00
1156495,ALB,176723100.687271,24092804.420926,2020-03-23 01:45:00
1156496,ALB,171985528.752014,29232049.837093,2020-03-23 02:00:00
1156497,ALB,155290368.903344,32143002.480342,2020-03-23 02:15:00
1156498,ALB,140575199.89661,22489424.485258,2020-03-23 02:30:00
1156499,ALB,141834159.257208,20020084.012426,2020-03-23 02:45:00
1156500,ALB,143104253.978665,21800882.843344,2020-03-23 03:00:00
1156501,ALB,137038430.741242,22351334.458519,2020-03-23 03:15:00
1156502,ALB,121401376.539463,18848631.745555,2020-03-23 03:30:00
1156503,ALB,113355106.588578,18578217.604894,2020-03-23 03:45:00
1156504,ALB,116873033.572526,20859359.75627,2020-03-23 04:00:00
1156505,ALB,110324680.879436,19069356.45155,2020-03-23 04:15:00
1156506,ALB,105323645.871492,36754497.179428,2020-03-23 04:30:00
1156507,ALB,107337457.05943,16704172.72372,2020-03-23 04:45:00
1156508,ALB,103534718.530549,18754192.338231,2020-03-23 05:00:00
1156509,ALB,103725004.213069,16172711.156046,2020-03-23 05:15:00
1156510,ALB,104638605.769779,15856724.256179,2020-03-23 05:30:00
1156511,ALB,102892773.856423,16220413.672235,2020-03-23 05:45:00
1156512,ALB,113831083.373336,18033837.825805,2020-03-23 06:00:00
1156513,ALB,116040183.898069,19025112.171018,2020-03-23 06:15:00
1156514,ALB,125429936.883462,24321931.892797,2020-03-23 06:30:00
1156515,ALB,129216697.614259,18934064.277462,2020-03-23 06:45:00
1156516,ALB,135685196.535237,20834690.981608,2020-03-23 07:00:00
1156517,ALB,149068434.345115,26841443.175071,2020-03-23 07:15:00
1156518,ALB,166696142.841203,32254606.876811,2020-03-23 07:30:00
1156519,ALB,183952230.412532,22722700.669384,2020-03-23 07:45:00
1156520,ALB,198136572.633907,28851129.408529,2020-03-23 08:00:00
1156521,ALB,224017755.130346,39435323.083395,2020-03-23 08:15:00
1156522,ALB,253856424.927883,47326087.060624,2020-03-23 08:30:00
1156523,ALB,264391427.919531,54753330.324462,2020-03-23 08:45:00
1156524,ALB,253737650.497631,60930200.055944,2020-03-23 09:00:00
1156525,ALB,245523233.061819,56582719.707123,2020-03-23 09:15:00
1156526,ALB,297734790.289596,58474723.184545,2020-03-23 09:30:00
1156527,ALB,273948176.279887,62584049.863638,2020-03-23 09:45:00
1156528,ALB,256825285.892434,62552128.845484,2020-03-23 10:00:00
1156529,ALB,275919647.663203,62534464.64453,2020-03-23 10:15:00
1156530,ALB,263873513.166201,67183880.627981,2020-03-23 10:30:00
1156531,ALB,270065277.05457,61386577.224038,2020-03-23 10:45:00
1156532,ALB,260955685.461919,73108434.995303,2020-03-23 11:00:00
1156533,ALB,265509787.185749,74078097.941384,2020-03-23 11:15:00
1156534,ALB,271804613.719463,80835376.256988,2020-03-23 11:30:00
1156535,ALB,283902247.891102,73156838.543354,2020-03-23 11:45:00
1156536,ALB,289162718.908438,63341700.808736,2020-03-23 12:00:00
1156537,ALB,291441730.044551,57374334.4545,2020-03-23 12:15:00
1156538,ALB,290485729.186108,71827045.735424,2020-03-23 12:30:00
1156539,ALB,286283024.544887,64604148.294553,2020-03-23 12:45:00
1156540,ALB,296301124.657401,59279984.083861,2020-03-23 13:00:00
1156541,ALB,319192567.390856,78961316.415663,2020-03-23 13:15:00
1156542,ALB,356929295.294787,87964688.004362,2020-03-23 13:30:00
1156543,ALB,351163157.823553,79352928.418198,2020-03-23 13:45:00
1156544,ALB,314138871.413413,79942910.745089,2020-03-23 14:00:00
1156545,ALB,325205994.952031,88421301.61255,2020-03-23 14:15:00
1156546,ALB,331956798.792256,90527203.853602,2020-03-23 14:30:00
1156547,ALB,317944961.027857,81863015.789999,2020-03-23 14:45:00
1156548,ALB,317244322.764018,98680540.460709,2020-03-23 15:00:00
1156549,ALB,328606575.88658,97424433.365344,2020-03-23 15:15:00
1156550,ALB,328374802.618275,82101418.797355,2020-03-23 15:30:00
1156551,ALB,322837488.292868,89733969.789269,2020-03-23 15:45:00
1156552,ALB,320376897.982898,72424845.252554,2020-03-23 16:00:00
1156553,ALB,341248062.13316,72698866.660908,2020-03-23 16:15:00
1156554,ALB,367270226.08922,76712644.455337,2020-03-23 16:30:00
1156555,ALB,365245400.317445,76973071.900403,2020-03-23 16:45:00
1156556,ALB,362780708.669367,65007164.611659,2020-03-23 17:00:00
1156557,ALB,376051027.94218,80542771.882195,2020-03-23 17:15:00
1156558,ALB,406612538.890029,88798179.325769,2020-03-23 17:30:00
1156559,ALB,371754687.866735,63248647.814735,2020-03-23 17:45:00
1156560,ALB,360631728.367911,63744357.452161,2020-03-23 18:00:00
1156561,ALB,373878917.228738,64550638.232765,2020-03-23 18:15:00
1156562,ALB,376080401.324458,77189848.232549,2020-03-23 18:30:00
1156563,ALB,383928533.967064,90030642.673183,2020-03-23 18:45:00
1156564,ALB,396452266.091838,74055931.651389,2020-03-23 19:00:00
1156565,ALB,427479406.245602,63744849.663521,2020-03-23 19:15:00
1156566,ALB,447732244.087102,62703696.104754,2020-03-23 19:30:00
1156567,ALB,487305389.195973,70559056.578924,2020-03-23 19:45:00
1156568,ALB,535239673.395133,73100368.177762,2020-03-23 20:00:00
1156569,ALB,522247193.960696,76665182.008736,2020-03-23 20:15:00
1156570,ALB,538984963.246806,75227605.070091,2020-03-23 20:30:00
1156571,ALB,536951256.518436,73554539.716767,2020-03-23 20:45:00
1156572,ALB,580526729.702847,75789382.574188,2020-03-23 21:00:00
1156573,ALB,587654053.610621,79572964.158618,2020-03-23 21:15:00
1156574,ALB,579708489.441314,80249035.630166,2020-03-23 21:30:00
1156575,ALB,579463235.174632,79084294.207136,2020-03-23 21:45:00
1156576,ALB,563988391.697253,75726579.498985,2020-03-23 22:00:00
1156577,ALB,570375686.05925,92400956.86026,2020-03-23 22:15:00
1156578,ALB,559470212.598437,79290043.434168,2020-03-23 22:30:00
1156579,ALB,549314235.31571,87591698.181015,2020-03-23 22:45:00
1156580,ALB,455187433.146778,64159446.355838,2020-03-23 23:00:00
1156581,ALB,413509135.529425,63480671.24568,2020-03-23 23:15:00
1156582,ALB,383119855.36473,95077694.193043,2020-03-23 23:30:00
1156583,ALB,364809691.649659,98723064.54223,2020-03-23 23:45:00
1157928,ALB,319576662.729982,96454116.018806,2020-03-28 00:00:00
1157929,ALB,306493730.464808,85874604.194209,2020-03-28 00:15:00
1157930,ALB,275164615.76019,74624985.035986,2020-03-28 00:30:00
1157931,ALB,246020831.22188,75075175.665425,2020-03-28 00:45:00
1157932,ALB,223618387.505615,66219142.706793,2020-03-28 01:00:00
1157933,ALB,210805502.47044,94847520.114361,2020-03-28 01:15:00
1157934,ALB,207219201.29751,97244933.612113,2020-03-28 01:30:00
1157935,ALB,167595707.133717,85052605.18889,2020-03-28 01:45:00
1157936,ALB,158013667.242989,77744553.147699,2020-03-28 02:00:00
1157937,ALB,162634255.936113,102013416.100707,2020-03-28 02:15:00
1157938,ALB,150925902.763018,84542683.598475,2020-03-28 02:30:00
1157939,ALB,150860106.467439,90663369.589162,2020-03-28 02:45:00
1157940,ALB,141833698.352036,85130414.564118,2020-03-28 03:00:00
1157941,ALB,149692996.61485,84659465.389538,2020-03-28 03:15:00
1157942,ALB,156860642.995265,88413983.985893,2020-03-28 03:30:00
1157943,ALB,137935624.605941,93331681.752774,2020-03-28 03:45:00
1157944,ALB,117850951.742112,88192205.957029,2020-03-28 04:00:00
1157945,ALB,103206774.123736,78854304.136723,2020-03-28 04:15:00
1157946,ALB,72867303.553212,64115108.88407,2020-03-28 04:30:00
1157947,ALB,71465244.765989,61210845.234392,2020-03-28 04:45:00
1157948,ALB,66853781.089079,56289037.84081,2020-03-28 05:00:00
1157949,ALB,67903162.196262,47478785.745827,2020-03-28 05:15:00
1157950,ALB,67905220.522539,45339441.491759,2020-03-28 05:30:00
1157951,ALB,66478687.815442,46180404.251528,2020-03-28 05:45:00
1157952,ALB,70152715.79452,48670357.030272,2020-03-28 06:00:00
1157953,ALB,72058828.26812,49340764.800804,2020-03-28 06:15:00
1157954,ALB,74282673.838547,57467440.897363,2020-03-28 06:30:00
1157955,ALB,80599107.508704,56782053.940844,2020-03-28 06:45:00
1157956,ALB,89529453.34798,55939198.420095,2020-03-28 07:00:00
1157957,ALB,94614668.294861,61201379.985647,2020-03-28 07:15:00
1157958,ALB,98658943.199284,56336601.46791,2020-03-28 07:30:00
1157959,ALB,103727404.688034,57255782.105726,2020-03-28 07:45:00
1157960,ALB,109990262.806465,58890593.590324,2020-03-28 08:00:00
1157961,ALB,119256140.25235,61757667.516861,2020-03-28 08:15:00
1157962,ALB,135379221.779985,61023802.723911,2020-03-28 08:30:00
1157963,ALB,140399005.986548,59877097.746136,2020-03-28 08:45:00
1157964,ALB,149490765.54729,60214043.163804,2020-03-28 09:00:00
1157965,ALB,146911732.02641,66003957.308378,2020-03-28 09:15:00
1157966,ALB,163826371.105155,46735823.027005,2020-03-28 09:30:00
1157967,ALB,172480193.063606,32337352.913839,2020-03-28 09:45:00
1157968,ALB,193535943.30101,27151378.445492,2020-03-28 10:00:00
1157969,ALB,199172729.481308,30104923.569876,2020-03-28 10:15:00
1157970,ALB,208059784.033098,29985195.83597,2020-03-28 10:30:00
1157971,ALB,216770695.248828,31533143.934772,2020-03-28 10:45:00
1157972,ALB,192323959.240188,23911004.227974,2020-03-28 11:00:00
1157973,ALB,205937036.031938,29220960.114059,2020-03-28 11:15:00
1157974,ALB,214688905.977968,26781635.836076,2020-03-28 11:30:00
1157975,ALB,214882608.113888,29382766.272363,2020-03-28 11:45:00
1157976,ALB,209371196.578772,32758334.808662,2020-03-28 12:00:00
1157977,ALB,219597730.638458,32759156.666939,2020-03-28 12:15:00
1157978,ALB,228969629.60424,33810590.995978,2020-03-28 12:30:00
1157979,ALB,263723980.534262,40505887.341031,2020-03-28 12:45:00
1157980,ALB,260371557.16194,33566665.537063,2020-03-28 13:00:00
1157981,ALB,266308923.828218,36894694.623704,2020-03-28 13:15:00
1157982,ALB,254980001.746386,34632703.751247,2020-03-28 13:30:00
1157983,ALB,241989235.023069,27195974.678593,2020-03-28 13:45:00
1157984,ALB,232733105.762087,28413689.056636,2020-03-28 14:00:00
1157985,ALB,246095654.076635,29389833.202139,2020-03-28 14:15:00
1157986,ALB,250450006.51931,30751453.950228,2020-03-28 14:30:00
1157987,ALB,222320092.1308,29247519.1466,2020-03-28 14:45:00
1157988,ALB,218555480.329925,26178989.064436,2020-03-28 15:00:00
1157989,ALB,235478067.398315,24448837.922457,2020-03-28 15:15:00
1157990,ALB,216112742.821387,25773020.319158,2020-03-28 15:30:00
1157991,ALB,214326725.286908,33089465.511448,2020-03-28 15:45:00
1157992,ALB,227471853.957099,43372356.2451,2020-03-28 16:00:00
1157993,ALB,230797796.78912,43673012.734561,2020-03-28 16:15:00
1157994,ALB,236618420.124755,34183592.879644,2020-03-28 16:30:00
1157995,ALB,245030617.432846,35488124.015055,2020-03-28 16:45:00
1157996,ALB,251615362.238794,38832950.826757,2020-03-28 17:00:00
1157997,ALB,252252342.028581,43843765.726145,2020-03-28 17:15:00
1157998,ALB,276041414.149583,42679343.218364,2020-03-28 17:30:00
1157999,ALB,293712441.992051,45744759.169914,2020-03-28 17:45:00
1158000,ALB,296402878.216567,36558177.505858,2020-03-28 18:00:00
1158001,ALB,290649124.850623,39947355.789437,2020-03-28 18:15:00
1158002,ALB,318184012.259919,34669908.474177,2020-03-28 18:30:00
1158003,ALB,341156165.313927,40767734.395768,2020-03-28 18:45:00
1158004,ALB,379951981.084877,39838740.637075,2020-03-28 19:00:00
1158005,ALB,384676961.859498,56287746.444399,2020-03-28 19:15:00
1158006,ALB,397491194.346698,54079785.253112,2020-03-28 19:30:00
1158007,ALB,421432482.168927,41380541.350268,2020-03-28 19:45:00
1158008,ALB,435716929.351603,41892557.265653,2020-03-28 20:00:00
1158009,ALB,457070920.460996,54100060.997685,2020-03-28 20:15:00
1158010,ALB,482905107.626173,45146367.342485,2020-03-28 20:30:00
1158011,ALB,486794371.964375,50527127.956959,2020-03-28 20:45:00
1158012,ALB,513032421.535875,43371163.94032,2020-03-28 21:00:00
1158013,ALB,506382747.283936,43649974.180112,2020-03-28 21:15:00
1158014,ALB,519282916.532882,43449241.903828,2020-03-28 21:30:00
1158015,ALB,548252797.57081,55599548.860383,2020-03-28 21:45:00
1158016,ALB,523109958.9969,44009357.312436,2020-03-28 22:00:00
1158017,ALB,500591554.122253,55860425.273032,2020-03-28 22:15:00
1158018,ALB,471454113.943967,51833413.908136,2020-03-28 22:30:00
1158019,ALB,455382962.138671,59021156.106059,2020-03-28 22:45:00
1158020,ALB,426018880.055596,53936638.107131,2020-03-28 23:00:00
1158021,ALB,395011885.172254,58069457.925653,2020-03-28 23:15:00
1158022,ALB,377654664.164807,70481950.498622,2020-03-28 23:30:00
1158023,ALB,353480379.661342,64519840.611786,2020-03-28 23:45:00
1159368,ALB,326805162.89744,43675587.660224,2020-03-29 00:00:00
1159369,ALB,302987056.376903,61064729.163374,2020-03-29 00:15:00
1159370,ALB,258212144.27999,54800182.818897,2020-03-29 00:30:00
1159371,ALB,242410895.831979,68065238.00557,2020-03-29 00:45:00
1159372,ALB,224766138.19945,64985455.077969,2020-03-29 01:00:00
1159373,ALB,202338040.674113,92657043.018756,2020-03-29 01:15:00
1159374,ALB,184246567.262348,76218813.448318,2020-03-29 01:30:00
1159375,ALB,175342286.635594,52439839.55175,2020-03-29 01:45:00
1159376,ALB,159017307.557098,49326965.912452,2020-03-29 02:00:00
1159377,ALB,156007792.068144,54786370.731015,2020-03-29 02:15:00
1159378,ALB,137129838.922015,54668935.566215,2020-03-29 02:30:00
1159379,ALB,123981651.564078,57355876.602812,2020-03-29 02:45:00
1159380,ALB,114476029.89111,47797265.18956,2020-03-29 03:00:00
1159381,ALB,122751403.045285,92617310.508593,2020-03-29 03:15:00
1159382,ALB,109794719.730666,93538163.352101,2020-03-29 03:30:00
1159383,ALB,108010555.621169,92583417.612277,2020-03-29 03:45:00
1159384,ALB,101944869.896187,90655969.283999,2020-03-29 04:00:00
1159385,ALB,101409883.364768,93517921.89018,2020-03-29 04:15:00
1159386,ALB,104162246.324524,93005797.29848,2020-03-29 04:30:00
1159387,ALB,94031423.270311,74016675.947111,2020-03-29 04:45:00
1159388,ALB,92190644.154634,88590398.124665,2020-03-29 05:00:00
1159389,ALB,97663554.461166,92614776.482263,2020-03-29 05:15:00
1159390,ALB,88933987.142434,90345661.419272,2020-03-29 05:30:00
1159391,ALB,81173393.487489,91459941.455279,2020-03-29 05:45:00
1159392,ALB,90770872.467706,93237567.531111,2020-03-29 06:00:00
1159393,ALB,87366095.603742,89658250.547303,2020-03-29 06:15:00
1159394,ALB,91348755.417576,63163346.244007,2020-03-29 06:30:00
1159395,ALB,93711185.594801,47070172.966626,2020-03-29 06:45:00
1159396,ALB,104003077.307022,44679996.984218,2020-03-29 07:00:00
1159397,ALB,113509738.448822,46782029.554682,2020-03-29 07:15:00
1159398,ALB,115167338.828817,48332218.071504,2020-03-29 07:30:00
1159399,ALB,116303206.839115,51238317.019529,2020-03-29 07:45:00
1159400,ALB,136911013.846939,53339060.245252,2020-03-29 08:00:00
1159401,ALB,149560312.627744,53223631.227274,2020-03-29 08:15:00
1159402,ALB,155068366.470524,51879190.021752,2020-03-29 08:30:00
1159403,ALB,156565991.171548,55893053.238102,2020-03-29 08:45:00
1159404,ALB,176779507.581205,48420711.987061,2020-03-29 09:00:00
1159405,ALB,182566466.175407,28518872.358145,2020-03-29 09:15:00
1159406,ALB,205899014.466934,30045857.953809,2020-03-29 09:30:00
1159407,ALB,230348249.082089,29971703.125858,2020-03-29 09:45:00
1159408,ALB,243991338.676885,29020143.386207,2020-03-29 10:00:00
1159409,ALB,250474547.327434,29394215.044454,2020-03-29 10:15:00
1159410,ALB,283725125.949061,36668852.480335,2020-03-29 10:30:00
1159411,ALB,295280048.870133,32845574.993004,2020-03-29 10:45:00
1159412,ALB,293788335.05955,37521074.098943,2020-03-29 11:00:00
1159413,ALB,290786626.309187,36960172.544701,2020-03-29 11:15:00
1159414,ALB,330467265.391274,41978052.18837,2020-03-29 11:30:00
1159415,ALB,338258559.494626,50370327.418583,2020-03-29 11:45:00
1159416,ALB,303582351.298284,43631775.682974,2020-03-29 12:00:00
1159417,ALB,310133442.363018,45671921.432132,2020-03-29 12:15:00
1159418,ALB,311335762.914472,45604351.329712,2020-03-29 12:30:00
1159419,ALB,321993122.692291,48446718.395447,2020-03-29 12:45:00
1159420,ALB,336466665.342596,54289373.143324,2020-03-29 13:00:00
1159421,ALB,333593639.759698,47325967.031443,2020-03-29 13:15:00
1159422,ALB,357570884.699908,65416185.307593,2020-03-29 13:30:00
1159423,ALB,345890429.974169,64685759.945357,2020-03-29 13:45:00
1159424,ALB,349022314.491843,50725514.634829,2020-03-29 14:00:00
1159425,ALB,339255090.672637,46213102.341601,2020-03-29 14:15:00
1159426,ALB,361268757.016277,46439367.688677,2020-03-29 14:30:00
1159427,ALB,372052104.665274,68711627.129279,2020-03-29 14:45:00
1159428,ALB,356056795.948701,49456271.230289,2020-03-29 15:00:00
1159429,ALB,387158237.785221,52748489.555906,2020-03-29 15:15:00
1159430,ALB,391865539.628005,54374131.449754,2020-03-29 15:30:00
1159431,ALB,405785024.648404,63261205.304946,2020-03-29 15:45:00
1159432,ALB,407157901.279352,53413639.697871,2020-03-29 16:00:00
1159433,ALB,376486290.703412,49825822.347757,2020-03-29 16:15:00
1159434,ALB,376613598.050308,55318470.838191,2020-03-29 16:30:00
1159435,ALB,383804514.440183,58772300.980446,2020-03-29 16:45:00
1159436,ALB,359600531.481917,50226858.316005,2020-03-29 17:00:00
1159437,ALB,379915217.481815,54142132.5509,2020-03-29 17:15:00
1159438,ALB,370122540.764188,48059226.333966,2020-03-29 17:30:00
1159439,ALB,373630279.343783,49249010.852106,2020-03-29 17:45:00
1159440,ALB,371589291.291192,46714344.389996,2020-03-29 18:00:00
1159441,ALB,392726166.618098,51596235.536282,2020-03-29 18:15:00
1159442,ALB,443281234.338739,56620344.919377,2020-03-29 18:30:00
1159443,ALB,454606652.430131,41015247.659874,2020-03-29 18:45:00
1159444,ALB,467204586.476446,38587143.725689,2020-03-29 19:00:00
1159445,ALB,476055043.292257,45460391.969496,2020-03-29 19:15:00
1159446,ALB,502294230.460303,48769206.397428,2020-03-29 19:30:00
1159447,ALB,523749142.299794,50374477.094294,2020-03-29 19:45:00
1159448,ALB,532267815.076474,47940632.488923,2020-03-29 20:00:00
1159449,ALB,547239963.540086,60161847.042703,2020-03-29 20:15:00
1159450,ALB,552069505.437269,56458354.182535,2020-03-29 20:30:00
1159451,ALB,560765606.309622,52894295.843315,2020-03-29 20:45:00
1159452,ALB,554329681.704329,39666367.510438,2020-03-29 21:00:00
1159453,ALB,540744171.70906,56514538.896179,2020-03-29 21:15:00
1159454,ALB,511201678.277928,49900423.478853,2020-03-29 21:30:00
1159455,ALB,486207460.578431,52366600.679854,2020-03-29 21:45:00
1159456,ALB,434880194.097732,39465799.57316,2020-03-29 22:00:00
1159457,ALB,400987104.488502,50477720.517185,2020-03-29 22:15:00
1159458,ALB,370737239.696888,60538030.150972,2020-03-29 22:30:00
1159459,ALB,338189074.415643,61283455.532523,2020-03-29 22:45:00
1159460,ALB,303431550.869955,42996471.524037,2020-03-29 23:00:00
1159461,ALB,266728102.859308,54213907.083534,2020-03-29 23:15:00
1159462,ALB,236146676.425446,49343260.372397,2020-03-29 23:30:00
1159463,ALB,210106266.556029,48827820.900183,2020-03-29 23:45:00
1160808,ALB,326805162.89744,43675587.660224,2020-03-29 00:00:00
1160809,ALB,302987056.376903,61064729.163374,2020-03-29 00:15:00
1160810,ALB,258212144.27999,54800182.818897,2020-03-29 00:30:00
1160811,ALB,242410895.831979,68065238.00557,2020-03-29 00:45:00
1160812,ALB,224766138.19945,64985455.077969,2020-03-29 01:00:00
1160813,ALB,202338040.674113,92657043.018756,2020-03-29 01:15:00
1160814,ALB,184246567.262348,76218813.448318,2020-03-29 01:30:00
1160815,ALB,175342286.635594,52439839.55175,2020-03-29 01:45:00
1160816,ALB,159017307.557098,49326965.912452,2020-03-29 02:00:00
1160817,ALB,156007792.068144,54786370.731015,2020-03-29 02:15:00
1160818,ALB,137129838.922015,54668935.566215,2020-03-29 02:30:00
1160819,ALB,123981651.564078,57355876.602812,2020-03-29 02:45:00
1160820,ALB,114476029.89111,47797265.18956,2020-03-29 03:00:00
1160821,ALB,122751403.045285,92617310.508593,2020-03-29 03:15:00
1160822,ALB,109794719.730666,93538163.352101,2020-03-29 03:30:00
1160823,ALB,108010555.621169,92583417.612277,2020-03-29 03:45:00
1160824,ALB,101944869.896187,90655969.283999,2020-03-29 04:00:00
1160825,ALB,101409883.364768,93517921.89018,2020-03-29 04:15:00
1160826,ALB,104162246.324524,93005797.29848,2020-03-29 04:30:00
1160827,ALB,94031423.270311,74016675.947111,2020-03-29 04:45:00
1160828,ALB,92190644.154634,88590398.124665,2020-03-29 05:00:00
1160829,ALB,97663554.461166,92614776.482263,2020-03-29 05:15:00
1160830,ALB,88933987.142434,90345661.419272,2020-03-29 05:30:00
1160831,ALB,81173393.487489,91459941.455279,2020-03-29 05:45:00
1160832,ALB,90770872.467706,93237567.531111,2020-03-29 06:00:00
1160833,ALB,87366095.603742,89658250.547303,2020-03-29 06:15:00
1160834,ALB,91348755.417576,63163346.244007,2020-03-29 06:30:00
1160835,ALB,93711185.594801,47070172.966626,2020-03-29 06:45:00
1160836,ALB,104003077.307022,44679996.984218,2020-03-29 07:00:00
1160837,ALB,113509738.448822,46782029.554682,2020-03-29 07:15:00
1160838,ALB,115167338.828817,48332218.071504,2020-03-29 07:30:00
1160839,ALB,116303206.839115,51238317.019529,2020-03-29 07:45:00
1160840,ALB,136911013.846939,53339060.245252,2020-03-29 08:00:00
1160841,ALB,149560312.627744,53223631.227274,2020-03-29 08:15:00
1160842,ALB,155068366.470524,51879190.021752,2020-03-29 08:30:00
1160843,ALB,156565991.171548,55893053.238102,2020-03-29 08:45:00
1160844,ALB,176779507.581205,48420711.987061,2020-03-29 09:00:00
1160845,ALB,182566466.175407,28518872.358145,2020-03-29 09:15:00
1160846,ALB,205899014.466934,30045857.953809,2020-03-29 09:30:00
1160847,ALB,230348249.082089,29971703.125858,2020-03-29 09:45:00
1160848,ALB,243991338.676885,29020143.386207,2020-03-29 10:00:00
1160849,ALB,250474547.327434,29394215.044454,2020-03-29 10:15:00
1160850,ALB,283725125.949061,36668852.480335,2020-03-29 10:30:00
1160851,ALB,295280048.870133,32845574.993004,2020-03-29 10:45:00
1160852,ALB,293788335.05955,37521074.098943,2020-03-29 11:00:00
1160853,ALB,290786626.309187,36960172.544701,2020-03-29 11:15:00
1160854,ALB,330467265.391274,41978052.18837,2020-03-29 11:30:00
1160855,ALB,338258559.494626,50370327.418583,2020-03-29 11:45:00
1160856,ALB,303582351.298284,43631775.682974,2020-03-29 12:00:00
1160857,ALB,310133442.363018,45671921.432132,2020-03-29 12:15:00
1160858,ALB,311335762.914472,45604351.329712,2020-03-29 12:30:00
1160859,ALB,321993122.692291,48446718.395447,2020-03-29 12:45:00
1160860,ALB,336466665.342596,54289373.143324,2020-03-29 13:00:00
1160861,ALB,333593639.759698,47325967.031443,2020-03-29 13:15:00
1160862,ALB,357570884.699908,65416185.307593,2020-03-29 13:30:00
1160863,ALB,345890429.974169,64685759.945357,2020-03-29 13:45:00
1160864,ALB,349022314.491843,50725514.634829,2020-03-29 14:00:00
1160865,ALB,339255090.672637,46213102.341601,2020-03-29 14:15:00
1160866,ALB,361268757.016277,46439367.688677,2020-03-29 14:30:00
1160867,ALB,372052104.665274,68711627.129279,2020-03-29 14:45:00
1160868,ALB,356056795.948701,49456271.230289,2020-03-29 15:00:00
1160869,ALB,387158237.785221,52748489.555906,2020-03-29 15:15:00
1160870,ALB,391865539.628005,54374131.449754,2020-03-29 15:30:00
1160871,ALB,405785024.648404,63261205.304946,2020-03-29 15:45:00
1160872,ALB,407157901.279352,53413639.697871,2020-03-29 16:00:00
1160873,ALB,376486290.703412,49825822.347757,2020-03-29 16:15:00
1160874,ALB,376613598.050308,55318470.838191,2020-03-29 16:30:00
1160875,ALB,383804514.440183,58772300.980446,2020-03-29 16:45:00
1160876,ALB,359600531.481917,50226858.316005,2020-03-29 17:00:00
1160877,ALB,379915217.481815,54142132.5509,2020-03-29 17:15:00
1160878,ALB,370122540.764188,48059226.333966,2020-03-29 17:30:00
1160879,ALB,373630279.343783,49249010.852106,2020-03-29 17:45:00
1160880,ALB,371589291.291192,46714344.389996,2020-03-29 18:00:00
1160881,ALB,392726166.618098,51596235.536282,2020-03-29 18:15:00
1160882,ALB,443281234.338739,56620344.919377,2020-03-29 18:30:00
1160883,ALB,454606652.430131,41015247.659874,2020-03-29 18:45:00
1160884,ALB,467204586.476446,38587143.725689,2020-03-29 19:00:00
1160885,ALB,476055043.292257,45460391.969496,2020-03-29 19:15:00
1160886,ALB,502294230.460303,48769206.397428,2020-03-29 19:30:00
1160887,ALB,523749142.299794,50374477.094294,2020-03-29 19:45:00
1160888,ALB,532267815.076474,47940632.488923,2020-03-29 20:00:00
1160889,ALB,547239963.540086,60161847.042703,2020-03-29 20:15:00
1160890,ALB,552069505.437269,56458354.182535,2020-03-29 20:30:00
1160891,ALB,560765606.309622,52894295.843315,2020-03-29 20:45:00
1160892,ALB,554329681.704329,39666367.510438,2020-03-29 21:00:00
1160893,ALB,540744171.70906,56514538.896179,2020-03-29 21:15:00
1160894,ALB,511201678.277928,49900423.478853,2020-03-29 21:30:00
1160895,ALB,486207460.578431,52366600.679854,2020-03-29 21:45:00
1160896,ALB,434880194.097732,39465799.57316,2020-03-29 22:00:00
1160897,ALB,400987104.488502,50477720.517185,2020-03-29 22:15:00
1160898,ALB,370737239.696888,60538030.150972,2020-03-29 22:30:00
1160899,ALB,338189074.415643,61283455.532523,2020-03-29 22:45:00
1160900,ALB,303431550.869955,42996471.524037,2020-03-29 23:00:00
1160901,ALB,266728102.859308,54213907.083534,2020-03-29 23:15:00
1160902,ALB,236146676.425446,49343260.372397,2020-03-29 23:30:00
1160903,ALB,210106266.556029,48827820.900183,2020-03-29 23:45:00
1162244,ALB,189287889.074522,50856726.353587,2020-03-30 00:00:00
1162245,ALB,182747491.547406,84663082.854875,2020-03-30 00:15:00
1162246,ALB,173356813.614146,75785095.889489,2020-03-30 00:30:00
1162247,ALB,152409942.000447,48885381.978069,2020-03-30 00:45:00
1162248,ALB,138961413.444535,52091432.738404,2020-03-30 01:00:00
1162249,ALB,137436661.466041,63678965.584362,2020-03-30 01:15:00
1162250,ALB,120016968.958187,48165305.16522,2020-03-30 01:30:00
1162251,ALB,107693099.673944,49756666.171738,2020-03-30 01:45:00
1162252,ALB,104126730.624731,46224104.561098,2020-03-30 02:00:00
1162253,ALB,106062786.851678,46087556.156063,2020-03-30 02:15:00
1162254,ALB,101065974.455262,45548898.031738,2020-03-30 02:30:00
1162255,ALB,92757626.559402,45088004.499052,2020-03-30 02:45:00
1162256,ALB,88585158.808164,43592389.856075,2020-03-30 03:00:00
1162257,ALB,84744436.610091,45001954.454177,2020-03-30 03:15:00
1162258,ALB,82812302.441166,47255680.185901,2020-03-30 03:30:00
1162259,ALB,86868753.56974,44496324.655015,2020-03-30 03:45:00
1162260,ALB,79612471.934627,42149333.221323,2020-03-30 04:00:00
1162261,ALB,89171109.912416,45339118.790187,2020-03-30 04:15:00
1162262,ALB,78711107.264635,43656627.839667,2020-03-30 04:30:00
1162263,ALB,72062914.342815,43199050.208194,2020-03-30 04:45:00
1162264,ALB,69808901.082166,46089640.910185,2020-03-30 05:00:00
1162265,ALB,77547458.929714,49487686.645489,2020-03-30 05:15:00
1162266,ALB,90049459.136604,35812290.851741,2020-03-30 05:30:00
1162267,ALB,81534264.959495,40492370.513885,2020-03-30 05:45:00
1162268,ALB,85589258.706388,34622531.523579,2020-03-30 06:00:00
1162269,ALB,101151721.877499,38223234.63771,2020-03-30 06:15:00
1162270,ALB,118723019.91631,40534213.709303,2020-03-30 06:30:00
1162271,ALB,132145367.759954,40434695.016974,2020-03-30 06:45:00
1162272,ALB,151508841.99339,39596045.581335,2020-03-30 07:00:00
1162273,ALB,173120821.800994,45432059.048772,2020-03-30 07:15:00
1162274,ALB,190091543.820629,51112136.073535,2020-03-30 07:30:00
1162275,ALB,223771696.118581,66736103.278972,2020-03-30 07:45:00
1162276,ALB,252969549.164473,62149382.289072,2020-03-30 08:00:00
1162277,ALB,259547006.341258,80886478.756611,2020-03-30 08:15:00
1162278,ALB,227376982.095469,72459720.497519,2020-03-30 08:30:00
1162279,ALB,237108105.181067,87102325.997918,2020-03-30 08:45:00
1162280,ALB,240861106.795836,75540542.450598,2020-03-30 09:00:00
1162281,ALB,249839933.227353,82891257.158401,2020-03-30 09:15:00
1162282,ALB,229349604.439549,75890684.465644,2020-03-30 09:30:00
1162283,ALB,241061237.975655,78001919.940272,2020-03-30 09:45:00
1162284,ALB,239071960.663947,72443941.101003,2020-03-30 10:00:00
1162285,ALB,239725946.956023,79988379.747919,2020-03-30 10:15:00
1162286,ALB,243347341.188152,86121199.491574,2020-03-30 10:30:00
1162287,ALB,255532186.215377,82337084.261257,2020-03-30 10:45:00
1162288,ALB,267439901.261161,81215664.980239,2020-03-30 11:00:00
1162289,ALB,258275239.58297,72122416.343518,2020-03-30 11:15:00
1162290,ALB,246653967.721532,68929581.666468,2020-03-30 11:30:00
1162291,ALB,250258767.494755,66783391.613915,2020-03-30 11:45:00
1162292,ALB,279985257.980748,52362577.296233,2020-03-30 12:00:00
1162293,ALB,311401240.397665,72741875.062694,2020-03-30 12:15:00
1162294,ALB,327683563.697868,65816810.976647,2020-03-30 12:30:00
1162295,ALB,313648632.283665,77338767.127259,2020-03-30 12:45:00
1162296,ALB,306037959.265978,79126886.563655,2020-03-30 13:00:00
1162297,ALB,321719127.98248,96560127.857434,2020-03-30 13:15:00
1162298,ALB,308430621.420398,91253705.397311,2020-03-30 13:30:00
1162299,ALB,314595156.771539,88021809.349139,2020-03-30 13:45:00
1162300,ALB,305756650.989993,95344155.93674,2020-03-30 14:00:00
1162301,ALB,320305596.085548,90830523.0732,2020-03-30 14:15:00
1162302,ALB,310760777.198443,68053984.295309,2020-03-30 14:30:00
1162303,ALB,302081242.390575,74527957.070574,2020-03-30 14:45:00
1162304,ALB,294362315.629332,64158808.935587,2020-03-30 15:00:00
1162305,ALB,290853766.794481,69020502.13126,2020-03-30 15:15:00
1162306,ALB,278723280.219434,72822588.841419,2020-03-30 15:30:00
1162307,ALB,290580924.731126,62748257.372686,2020-03-30 15:45:00
1162308,ALB,298894237.920638,67888092.142025,2020-03-30 16:00:00
1162309,ALB,327847543.662683,71513496.65777,2020-03-30 16:15:00
1162310,ALB,345490323.438687,53277860.684679,2020-03-30 16:30:00
1162311,ALB,336083788.013358,49386637.404553,2020-03-30 16:45:00
1162312,ALB,342960903.271435,48519680.194748,2020-03-30 17:00:00
1162313,ALB,378533514.960065,59559349.444878,2020-03-30 17:15:00
1162314,ALB,368315050.294584,53370301.778309,2020-03-30 17:30:00
1162315,ALB,367319353.306972,48804280.564143,2020-03-30 17:45:00
1162316,ALB,365570096.64483,49465976.8231,2020-03-30 18:00:00
1162317,ALB,375161466.188448,44483393.708179,2020-03-30 18:15:00
1162318,ALB,375035428.695562,64439528.14389,2020-03-30 18:30:00
1162319,ALB,414904772.265757,62636437.230856,2020-03-30 18:45:00
1162320,ALB,435286555.230232,43466936.671541,2020-03-30 19:00:00
1162321,ALB,449083312.941003,52772229.90962,2020-03-30 19:15:00
1162322,ALB,471815552.615702,53869096.899881,2020-03-30 19:30:00
1162323,ALB,479438297.85822,62426949.815613,2020-03-30 19:45:00
1162324,ALB,498880793.921425,59142924.438703,2020-03-30 20:00:00
1162325,ALB,551898452.952624,64560646.796279,2020-03-30 20:15:00
1162326,ALB,590145939.449394,52943133.125705,2020-03-30 20:30:00
1162327,ALB,591113740.269149,50325685.743262,2020-03-30 20:45:00
1162328,ALB,569098342.013107,43450874.280468,2020-03-30 21:00:00
1162329,ALB,573007696.175157,57550359.238863,2020-03-30 21:15:00
1162330,ALB,532477445.818745,52228779.26277,2020-03-30 21:30:00
1162331,ALB,515845099.342423,63547759.556595,2020-03-30 21:45:00
1162332,ALB,476689344.822977,52067099.653438,2020-03-30 22:00:00
1162333,ALB,429868932.836904,55848460.639214,2020-03-30 22:15:00
1162334,ALB,413673593.653229,68714419.769154,2020-03-30 22:30:00
1162335,ALB,408599608.787373,84569550.059122,2020-03-30 22:45:00
1163624,ALB,231775244.453144,57862822.194481,2020-03-31 00:00:00
1163625,ALB,216073544.665809,83755825.441827,2020-03-31 00:15:00
1163626,ALB,200923788.190457,86994151.977389,2020-03-31 00:30:00
1163627,ALB,179652584.076662,85701819.475111,2020-03-31 00:45:00
1163628,ALB,172313169.672552,60287443.60764,2020-03-31 01:00:00
1163629,ALB,165782054.355597,65213840.790533,2020-03-31 01:15:00
1163630,ALB,154994130.142512,66055435.691781,2020-03-31 01:30:00
1163631,ALB,143932109.625739,67950225.727863,2020-03-31 01:45:00
1163632,ALB,139558583.801522,66351888.435512,2020-03-31 02:00:00
1163633,ALB,130901383.16621,54014508.123571,2020-03-31 02:15:00
1163634,ALB,135142342.981307,55936972.572979,2020-03-31 02:30:00
1163635,ALB,129939954.961078,60523912.507052,2020-03-31 02:45:00
1163636,ALB,127008913.44791,59710129.669618,2020-03-31 03:00:00
1163637,ALB,119678573.894977,58861640.340523,2020-03-31 03:15:00
1163638,ALB,115391539.454543,53744995.491556,2020-03-31 03:30:00
1163639,ALB,114926997.19454,50328353.822435,2020-03-31 03:45:00
1163640,ALB,115784171.0962,47451199.050818,2020-03-31 04:00:00
1163641,ALB,118304345.415293,43970090.044797,2020-03-31 04:15:00
1163642,ALB,114302936.384743,42599441.167313,2020-03-31 04:30:00
1163643,ALB,112323787.79039,41933009.387146,2020-03-31 04:45:00
1163644,ALB,113594223.200763,40920205.984761,2020-03-31 05:00:00
1163645,ALB,115098595.225404,45326214.73268,2020-03-31 05:15:00
1163646,ALB,114870503.858834,30179206.590808,2020-03-31 05:30:00
1163647,ALB,125365315.503354,36894257.032056,2020-03-31 05:45:00
1163648,ALB,124387739.539215,40786038.018501,2020-03-31 06:00:00
1163649,ALB,134748690.123016,34966775.577654,2020-03-31 06:15:00
1163650,ALB,144292150.320695,37060030.57979,2020-03-31 06:30:00
1163651,ALB,155023351.307728,45538736.27891,2020-03-31 06:45:00
1163652,ALB,175577331.198235,44288560.11864,2020-03-31 07:00:00
1163653,ALB,200403178.94908,50987370.032792,2020-03-31 07:15:00
1163654,ALB,215053832.568372,56782964.598957,2020-03-31 07:30:00
1163655,ALB,233672555.252243,57696313.688382,2020-03-31 07:45:00
1163656,ALB,232636419.486207,69670637.592925,2020-03-31 08:00:00
1163657,ALB,251165931.501164,76637518.838219,2020-03-31 08:15:00
1163658,ALB,258576996.80193,80331438.666265,2020-03-31 08:30:00
1163659,ALB,260790159.742425,78421209.962508,2020-03-31 08:45:00
1163660,ALB,264803263.5155,72907987.385849,2020-03-31 09:00:00
1163661,ALB,273718899.258601,79400294.13478,2020-03-31 09:15:00
1163662,ALB,272280473.419144,77051662.884294,2020-03-31 09:30:00
1163663,ALB,277089238.19845,76181785.403104,2020-03-31 09:45:00
1163664,ALB,275965926.308386,82606429.513062,2020-03-31 10:00:00
1163665,ALB,293784040.582089,91882005.623469,2020-03-31 10:15:00
1163666,ALB,306836657.531398,96363077.765586,2020-03-31 10:30:00
1163667,ALB,317376793.860711,95402202.718232,2020-03-31 10:45:00
1163668,ALB,294722008.454369,97540843.970916,2020-03-31 11:00:00
1163669,ALB,316524096.494744,94132739.932017,2020-03-31 11:15:00
1163670,ALB,293348350.040765,92785472.993711,2020-03-31 11:30:00
1163671,ALB,291777379.331117,76680465.947104,2020-03-31 11:45:00
1163672,ALB,305615602.903495,57086577.273581,2020-03-31 12:00:00
1163673,ALB,321369528.767966,72510617.717552,2020-03-31 12:15:00
1163674,ALB,311846988.204612,88747313.877392,2020-03-31 12:30:00
1163675,ALB,300786500.181562,84732313.52688,2020-03-31 12:45:00
1163676,ALB,310630869.559117,93804748.113643,2020-03-31 13:00:00
1163677,ALB,321958291.186772,92838858.338051,2020-03-31 13:15:00
1163678,ALB,347958992.953066,101076253.04966,2020-03-31 13:30:00
1163679,ALB,305828101.208149,105512518.654816,2020-03-31 13:45:00
1163680,ALB,303975155.911988,96310082.471157,2020-03-31 14:00:00
1163681,ALB,315718362.220703,109108306.681844,2020-03-31 14:15:00
1163682,ALB,340453658.106959,88524573.222293,2020-03-31 14:30:00
1163683,ALB,322478546.086952,73615707.865019,2020-03-31 14:45:00
1163684,ALB,352978592.513809,70518128.800027,2020-03-31 15:00:00
1163685,ALB,360870513.193584,71462593.799546,2020-03-31 15:15:00
1163686,ALB,341909539.74511,68239388.991371,2020-03-31 15:30:00
1163687,ALB,337456302.201306,81064325.048683,2020-03-31 15:45:00
1163688,ALB,334401799.983493,74130464.732298,2020-03-31 16:00:00
1163689,ALB,333009423.526161,76699847.18931,2020-03-31 16:15:00
1163690,ALB,333120088.296932,70545894.879115,2020-03-31 16:30:00
1163691,ALB,328225853.815005,53639236.025345,2020-03-31 16:45:00
1163692,ALB,334984549.260514,53079180.302793,2020-03-31 17:00:00
1163693,ALB,350131892.711264,52664958.683007,2020-03-31 17:15:00
1163694,ALB,359345099.771134,51066989.230686,2020-03-31 17:30:00
1163695,ALB,364130941.905425,55171439.322991,2020-03-31 17:45:00
1163696,ALB,367828584.732014,48443016.119753,2020-03-31 18:00:00
1163697,ALB,373241971.742946,57211113.983788,2020-03-31 18:15:00
1163698,ALB,385299316.812269,60475071.072385,2020-03-31 18:30:00
1163699,ALB,436514170.372774,44725050.178947,2020-03-31 18:45:00
1163700,ALB,490051126.076477,46643472.072886,2020-03-31 19:00:00
1163701,ALB,494445917.497322,44930267.857392,2020-03-31 19:15:00
1163702,ALB,499267726.128546,51001686.562941,2020-03-31 19:30:00
1163703,ALB,509313613.61916,52898438.002982,2020-03-31 19:45:00
1163704,ALB,530811867.412973,48624315.672149,2020-03-31 20:00:00
1163705,ALB,534847338.404796,58566810.232105,2020-03-31 20:15:00
1163706,ALB,532139210.04159,57934194.228821,2020-03-31 20:30:00
1163707,ALB,543139395.503113,65585139.243895,2020-03-31 20:45:00
1163708,ALB,545045389.561994,65084254.948489,2020-03-31 21:00:00
1163709,ALB,561436150.481665,71256719.320506,2020-03-31 21:15:00
1163710,ALB,532897003.125393,67490510.725951,2020-03-31 21:30:00
1163711,ALB,467896954.904372,60953394.854004,2020-03-31 21:45:00
1163712,ALB,440742767.939581,49403598.248179,2020-03-31 22:00:00
1163713,ALB,423286914.392806,60288682.475549,2020-03-31 22:15:00
1163714,ALB,393764177.861443,71774372.781847,2020-03-31 22:30:00
1163715,ALB,351749186.98593,76579263.704971,2020-03-31 22:45:00
